{"cameraMode":{"drawMode":0,"name":"Shaded","section":"Shading Mode"},"sceneLighting":false,"audioPlay":false,"sceneViewState":{"m_AlwaysRefresh":false,"showFog":false,"showSkybox":false,"showFlares":false,"showImageEffects":false,"showParticleSystems":false,"showVisualEffectGraphs":true,"m_FxEnabled":true},"in2DMode":false,"pivot":{"x":0.10669505596160889,"y":0.7241249084472656,"z":0.21842044591903687},"rotation":{"x":0.11613014340400696,"y":0.3201870620250702,"z":-0.03958211466670036,"w":0.9393787384033203},"size":1.492275595664978,"orthographic":false}